{
    "x": 4.450610637664795,
    "y": -4.251270294189453,
    "z": 0.0
}