{
    "x": -4.8275346755981449,
    "y": 0.7969129085540772,
    "z": 0.0
}