{
    "x": 5.842331886291504,
    "y": 3.7271788120269777,
    "z": 0.0
}